{"_step":8,"train/reward_improvement":0,"train/total_loss":0.00034321745624765754,"train/cyclomatic_complexity":0,"train/kl_loss":0.00034321745624765754,"_wandb":{"runtime":390},"_timestamp":1.7331822659258132e+09,"train/mean_reward_t1":0,"train/learning_rate":7.000000000000001e-07,"train/reward_loss":0,"train/edit_distance_ratio":0.03367408298256164,"_runtime":390.530832788,"train/mean_reward_t2":0}