{"_step":6,"train/cyclomatic_complexity":0,"train/edit_distance_ratio":0.023379383634431455,"train/learning_rate":5.000000000000001e-07,"train/reward_loss":0,"_timestamp":1.7331819305481613e+09,"_runtime":249.940743618,"train/kl_loss":0.00029553999775089324,"train/mean_reward_t1":0,"train/total_loss":0.00029553999775089324,"_wandb":{"runtime":249},"train/reward_improvement":0,"train/mean_reward_t2":0}