{"train/rouge_score":0,"_runtime":1629.377088035,"train/edit_distance_ratio":0.042317708333333336,"train/learning_rate":2.3000000000000004e-06,"train/cyclomatic_complexity":0,"train/bleu_score":0,"_timestamp":1.7331856070746734e+09,"train/mean_reward_t2":0,"train/reward_loss":0,"_step":31,"train/kl_loss":0.000310124276438728,"_wandb":{"runtime":1629},"train/total_loss":0.000310124276438728,"train/mean_reward_t1":0,"train/reward_improvement":0}