{"train/reward_loss":0,"train/mean_reward_t2":0,"train/reward_improvement":0,"_timestamp":1.7331827708524716e+09,"train/edit_distance_ratio":0.05512679162072767,"train/learning_rate":6.000000000000001e-07,"train/total_loss":0.00033299383358098567,"train/cyclomatic_complexity":0,"_runtime":293.751288186,"_step":7,"train/kl_loss":0.00033299383358098567,"train/mean_reward_t1":0,"_wandb":{"runtime":293}}